Date,Open,High,Low,Close,Adj Close,Volume
2014-02-06,10640,10640,10510,10530,10530,4915
2014-02-07,10720,10770,10630,10770,10770,2004
2014-02-10,11070,11070,10800,10850,10850,3278
2014-02-12,11080,11080,11000,11040,11040,1831
2014-02-13,11020,11020,10860,10900,10900,3868
2014-02-14,10950,10970,10670,10740,10740,6316
2014-02-17,10770,10790,10630,10780,10780,4433
2014-02-18,10830,11090,10830,11090,11090,3742
2014-02-19,10790,11050,10710,11030,11030,1745
2014-02-20,11000,11010,10790,10820,10820,1530
2014-02-21,10960,11080,10960,11040,11040,899
2014-02-24,11060,11180,10920,11050,11050,1897
2014-02-25,11260,11260,11100,11160,11160,3697
2014-02-26,11100,11150,11070,11090,11090,1065
2014-02-27,11030,11090,10990,11020,11020,595
2014-02-28,11050,11050,10890,10980,10980,983
2014-03-03,10950,10950,10690,10830,10830,3839
2014-03-04,10790,10940,10750,10910,10910,1573
2014-03-05,11010,11060,11000,11010,11010,996
2014-03-06,11030,11150,10990,11120,11120,1551
2014-03-07,11190,11210,11130,11200,11200,1245
2014-03-10,11180,11180,11060,11100,11100,2233
2014-03-11,11110,11180,11100,11170,11170,1010
2014-03-12,11090,11090,10910,10930,10930,3210
2014-03-13,10930,10980,10900,10980,10980,1224
2014-03-14,10790,10790,10510,10570,10570,51424
2014-03-17,10540,10550,10370,10460,10460,6831
2014-03-18,10640,10640,10530,10550,10550,3028
2014-03-19,10620,10670,10480,10570,10570,2817
2014-03-20,10560,10580,10380,10420,10420,5292
2014-03-24,10490,10580,10470,10530,10530,4296
2014-03-25,10500,10590,10440,10560,10560,4918
2014-03-26,10600,10630,10450,10600,10600,20859
2014-03-27,10560,10770,10510,10770,10770,1952
2014-03-28,10760,10830,10660,10820,10820,879
2014-03-31,10950,10980,10890,10950,10950,1299
2014-04-01,10980,11000,10940,11000,11000,644
2014-04-02,11040,11160,11040,11080,11080,880
2014-04-03,11160,11160,11080,11150,11150,10569
2014-04-04,11140,11150,11090,11140,11140,272
2014-04-07,11050,11070,10930,10980,10980,4313
2014-04-08,10950,10950,10760,10800,10800,7576
2014-04-09,10760,10760,10550,10590,10590,10080
2014-04-10,10750,10750,10560,10590,10590,11011
2014-04-11,10450,10550,10360,10450,10450,8760
2014-04-14,10420,10510,10400,10440,10440,2426
2014-04-15,10570,10570,10450,10480,10480,1496
2014-04-16,10600,10740,10500,10740,10740,1409
2014-04-17,10790,10790,10690,10740,10740,1271
2014-04-18,10740,10770,10720,10760,10760,682
2014-04-21,10780,10850,10760,10770,10770,1988
2014-04-22,10840,10840,10700,10720,10720,878
2014-04-23,10730,10790,10720,10790,10790,456
2014-04-24,10770,10790,10700,10740,10740,401
2014-04-25,10670,10810,10670,10780,10780,594
2014-04-28,10760,10760,10620,10680,10680,1028
2014-04-30,10780,10780,10670,10700,10700,731
2014-05-01,10770,10850,10730,10850,10850,1007
2014-05-02,10810,10880,10810,10880,10880,338
2014-05-07,10790,10790,10620,10650,10650,1939
2014-05-08,10740,10760,10670,10720,10720,1836
2014-05-09,10620,10750,10620,10740,10740,697
2014-05-12,10760,10760,10680,10690,10690,246
2014-05-13,10770,10860,10770,10860,10860,841
2014-05-14,10840,10860,10810,10860,10860,283
2014-05-15,10820,10830,10730,10830,10830,340
2014-05-16,10760,10760,10620,10710,10710,3071
2014-05-19,10750,10750,10610,10610,10610,991
2014-05-20,10700,10700,10620,10670,10670,1125
2014-05-21,10600,10640,10560,10640,10640,1241
2014-05-22,10700,10800,10690,10780,10780,653
2014-05-23,10820,10950,10820,10900,10900,1115
2014-05-26,10950,11010,10950,11010,11010,2633
2014-05-27,11050,11110,11050,11070,11070,3938
2014-05-28,11090,11100,11040,11060,11060,312
2014-05-29,11050,11080,11010,11060,11060,428
2014-05-30,11010,11090,11010,11070,11070,584
2014-06-02,11100,11240,11100,11240,11240,3266
2014-06-03,11300,11340,11270,11340,11340,1273
2014-06-04,11290,11350,11290,11350,11350,1700
2014-06-05,11400,11420,11340,11390,11390,4621
2014-06-06,11460,11460,11340,11380,11380,2648
2014-06-09,11490,11490,11380,11390,11390,2282
2014-06-10,11360,11400,11300,11330,11330,10717
2014-06-11,11360,11390,11350,11390,11390,171
2014-06-12,11290,11400,11290,11390,11390,713
2014-06-13,11340,11500,11340,11480,11480,6758
2014-06-16,11420,11430,11360,11380,11380,1619
2014-06-17,11380,11450,11380,11410,11410,153
2014-06-18,11460,11510,11430,11500,11500,829
2014-06-19,11550,11710,11520,11670,11670,2362
2014-06-20,11720,11740,11670,11740,11740,1219
2014-06-23,11770,11770,11640,11680,11680,2077
2014-06-24,11640,11700,11600,11680,11680,835
2014-06-25,11710,11800,11690,11720,11720,3193
2014-06-26,11820,11820,11740,11760,11760,527
2014-06-27,11780,12340,11600,11680,11680,4180
2014-06-30,11730,11780,11650,11780,11780,1416
2014-07-01,11740,11820,11720,11770,11770,2050
2014-07-02,11830,11830,11770,11790,11790,2264
2014-07-03,11830,11830,11750,11780,11780,6773
2014-07-04,11830,11850,11780,11810,11810,1246
2014-07-07,11830,11830,11790,11790,11790,6037
2014-07-08,11810,11810,11670,11740,11740,5390
2014-07-09,11680,11690,11630,11690,11690,4251
2014-07-10,11740,11740,11590,11590,11590,2772
2014-07-11,11560,11570,11500,11570,11570,2300
2014-07-14,11570,11590,11510,11590,11590,1813
2014-07-15,11630,11690,11630,11670,11670,831
2014-07-16,11660,11710,11640,11670,11670,1813
2014-07-17,11720,11730,11660,11660,11660,1182
2014-07-18,11550,11590,11500,11590,11590,6546
2014-07-22,11640,11700,11620,11680,11680,927
2014-07-23,11700,11720,11680,11700,11700,10359
2014-07-24,11730,11730,11680,11690,11690,6233
2014-07-25,11700,11770,11700,11770,11770,1219
2014-07-28,11760,11810,11740,11780,11780,34606
2014-07-29,11810,11830,11800,11810,11810,951
2014-07-30,11800,11850,11800,11840,11840,2277
2014-07-31,11940,11940,11800,11800,11800,6528
2014-08-01,11740,11770,11700,11740,11740,4083
2014-08-04,11700,11730,11660,11700,11700,1758
2014-08-05,11740,11740,11560,11560,11560,4698
2014-08-06,11560,11560,11440,11480,11480,32743
2014-08-07,11480,11510,11370,11510,11510,4022
2014-08-08,11450,11450,11220,11260,11260,13521
2014-08-11,11510,11510,11370,11480,11480,5060
2014-08-12,11500,11560,11500,11510,11510,5890
2014-08-13,11510,11570,11490,11570,11570,11108
2014-08-14,11590,11650,11590,11630,11630,2907
2014-08-15,11650,11660,11620,11640,11640,754
2014-08-18,11650,11650,11610,11630,11630,1006
2014-08-19,11690,11730,11680,11720,11720,1462
2014-08-20,11730,11760,11700,11720,11720,7047
2014-08-21,11750,11820,11750,11800,11800,4209
2014-08-22,11830,11840,11750,11770,11770,1517
2014-08-25,11800,11820,11780,11820,11820,3904
2014-08-26,11830,11830,11750,11770,11770,1517
2014-08-27,11780,11810,11720,11760,11760,1241
2014-08-28,11720,11720,11670,11710,11710,887
2014-08-29,11690,11720,11640,11670,11670,3265
2014-09-01,11700,11710,11690,11710,11710,1140
2014-09-02,11720,11870,11720,11840,11840,4972
2014-09-03,11900,11940,11870,11890,11890,1373
2014-09-04,11890,11890,11820,11840,11840,1596
2014-09-05,11920,11920,11790,11820,11820,1144
2014-09-08,11830,11840,11790,11830,11830,763
2014-09-09,11890,11900,11840,11840,11840,882
2014-09-10,11810,11920,11800,11920,11920,1736
2014-09-11,11950,11980,11940,11950,11950,2837
2014-09-12,11960,12000,11940,11970,11970,2241
2014-09-16,11970,11970,11910,11950,11950,1623
2014-09-17,11950,11960,11900,11900,11900,7586
2014-09-18,11970,12040,11970,12030,12030,2135
2014-09-19,12100,12200,12060,12160,12160,5297
2014-09-22,12180,12180,12100,12160,12160,1936
2014-09-24,12040,12140,12040,12130,12130,1316
2014-09-25,12210,12310,12210,12300,12300,5689
2014-09-26,12210,12290,12200,12290,12290,10687
2014-09-29,12340,12340,12280,12330,12330,1561
2014-09-30,12290,12290,12110,12200,12200,5455
2014-10-01,12220,12240,12110,12110,12110,14574
2014-10-02,11990,11990,11790,11810,11810,34772
2014-10-03,11780,11840,11750,11820,11820,44210
2014-10-06,12010,12010,11920,11950,11950,4275
2014-10-07,11930,12000,11880,11900,11900,12215
2014-10-08,11760,11800,11710,11770,11770,24747
2014-10-09,11820,11820,11620,11630,11630,12044
2014-10-10,11450,11510,11400,11510,11510,17106
2014-10-14,11340,11350,11220,11260,11260,14412
2014-10-15,11320,11350,11230,11300,11300,4314
2014-10-16,11090,11110,11020,11080,11080,19163
2014-10-17,11100,11100,10880,10900,10900,8957
2014-10-20,11200,11340,11170,11320,11320,4897
2014-10-21,11360,11360,11110,11160,11160,3242
2014-10-22,11370,11430,11310,11430,11430,3664
2014-10-23,11340,11440,11310,11410,11410,2365
2014-10-24,11530,11550,11430,11450,11450,6896
2014-10-27,11570,11590,11510,11560,11560,2549
2014-10-28,11550,11560,11490,11550,11550,1415
2014-10-29,11600,11740,11600,11710,11710,2134
2014-10-30,11760,11840,11750,11810,11810,2197
2014-10-31,11910,12360,11850,12270,12270,59507
2014-11-04,12900,12900,12620,12630,12630,14226
2014-11-05,12600,12690,12560,12640,12640,4571
2014-11-06,12700,12730,12520,12550,12550,6735
2014-11-07,12660,12660,12590,12630,12630,3818
2014-11-10,12550,12600,12520,12570,12570,8917
2014-11-11,12630,12750,12610,12720,12720,2963
2014-11-12,12850,12900,12720,12720,12720,8133
2014-11-13,12740,12850,12680,12840,12840,4450
2014-11-14,12920,12950,12800,12930,12930,7636
2014-11-17,12920,12920,12610,12610,12610,21939
2014-11-18,12840,12900,12800,12890,12890,3804
2014-11-19,12950,13000,12890,12900,12900,4178
2014-11-20,12990,13010,12920,12940,12940,16237
2014-11-21,12950,12970,12810,12960,12960,4761
2014-11-25,13010,13040,12940,13010,13010,28616
2014-11-26,12980,13030,12960,12990,12990,5495
2014-11-27,12950,12950,12830,12830,12830,5710
2014-11-28,12910,13000,12900,13000,13000,2641
2014-12-01,13010,13150,13010,13100,13100,6271
2014-12-02,13050,13160,13000,13130,13130,7442
2014-12-03,13250,13260,13130,13140,13140,7059
2014-12-04,13260,13290,13240,13260,13260,14547
2014-12-05,13250,13300,13230,13300,13300,16347
2014-12-08,13390,13400,13280,13310,13310,33864
2014-12-09,13230,13270,13190,13210,13210,51997
2014-12-10,13080,13120,12870,12930,12930,32049
2014-12-11,12780,12870,12690,12860,12860,32163
2014-12-12,12930,13030,12860,12900,12900,20085
2014-12-15,12730,12830,12690,12730,12730,32404
2014-12-16,12600,12610,12430,12450,12450,38633
2014-12-17,12400,12520,12380,12430,12430,19124
2014-12-18,12760,12770,12640,12670,12670,7432
2014-12-19,12940,12990,12850,12990,12990,7808
2014-12-22,13050,13050,12950,13010,13010,9032
2014-12-24,13160,13170,13100,13120,13120,7509
2014-12-25,13090,13110,13060,13080,13080,5917
2014-12-26,13080,13160,13080,13150,13150,4834
2014-12-29,13180,13190,12950,13110,13110,5882
2014-12-30,13080,13090,12940,12950,12950,7331
2015-01-05,12880,12970,12760,12860,12860,6098
2015-01-06,12630,12640,12490,12520,12520,31280
2015-01-07,12440,12560,12430,12500,12500,9202
2015-01-08,12640,12700,12600,12660,12660,10748
2015-01-09,12750,12750,12630,12670,12670,5658
2015-01-13,12520,12650,12440,12650,12650,10720
2015-01-14,12500,12570,12430,12450,12450,23040
2015-01-15,12480,12620,12470,12600,12600,5514
2015-01-16,12370,12500,12310,12500,12500,22144
2015-01-19,12620,12620,12520,12580,12580,3990
2015-01-20,12610,12830,12610,12830,12830,4990
2015-01-21,12760,12790,12670,12760,12760,6680
2015-01-22,12730,12760,12670,12750,12750,3193
2015-01-23,12900,12900,12830,12870,12870,8690
2015-01-26,12720,12850,12700,12850,12850,2716
2015-01-27,12970,13070,12960,13070,13070,12287
2015-01-28,12940,13130,12940,13090,13090,11044
2015-01-29,12960,13040,12920,12940,12940,4043
2015-01-30,13040,13080,12960,12960,12960,4711
2015-02-02,12830,12920,12790,12910,12910,2400
2015-02-03,12980,12980,12720,12760,12760,6246
2015-02-04,12900,13050,12900,12990,12990,4988
2015-02-05,12970,12990,12870,12900,12900,4820
2015-02-06,13000,13010,12940,12950,12950,4917
2015-02-09,13070,13080,12980,13040,13040,10268
2015-02-10,13020,13060,12980,13060,13060,5539
2015-02-12,13240,13300,13230,13260,13260,18949
2015-02-13,13260,13300,13240,13270,13270,5286
2015-02-16,13350,13400,13320,13360,13360,6816
2015-02-17,13330,13410,13300,13380,13380,26403
2015-02-18,13490,13580,13480,13570,13570,11688
2015-02-19,13600,13700,13600,13670,13670,16434
2015-02-20,13720,13740,13670,13730,13730,11915
2015-02-23,13850,13850,13700,13760,13760,20452
2015-02-24,13760,13810,13700,13800,13800,4861
2015-02-25,13850,13870,13770,13800,13800,6639
2015-02-26,13790,13930,13790,13930,13930,9637
2015-02-27,13970,14000,13900,13970,13970,18584
2015-03-02,14020,14070,13950,13970,13970,8454
2015-03-03,14030,14040,13920,14010,14010,8550
2015-03-04,13950,13950,13780,13900,13900,16355
2015-03-05,13900,13980,13890,13980,13980,2606
2015-03-06,14010,14140,14000,14140,14140,20625
2015-03-09,14080,14100,13980,14050,14050,7945
2015-03-10,14140,14140,13930,13990,13990,4842
2015-03-11,13900,14050,13900,13990,13990,3243
2015-03-12,14070,14220,14050,14190,14190,9097
2015-03-13,14330,14410,14240,14360,14360,26241
2015-03-16,14350,14390,14290,14340,14340,9921
2015-03-17,14420,14490,14390,14430,14430,16665
2015-03-18,14430,14540,14430,14520,14520,6586
2015-03-19,14520,14550,14360,14460,14460,10281
2015-03-20,14500,14500,14380,14500,14500,8460
2015-03-23,14470,14620,14470,14610,14610,22336
2015-03-24,14560,14630,14490,14540,14540,4447
2015-03-25,14550,14610,14460,14610,14610,8464
2015-03-26,14490,14520,14330,14410,14410,14503
2015-03-27,14420,14580,14240,14370,14370,13661
2015-03-30,14370,14450,14290,14430,14430,7933
2015-03-31,14600,14610,14270,14280,14280,9848
2015-04-01,14220,14260,14030,14130,14130,25029
2015-04-02,14180,14470,14180,14370,14370,61609
2015-04-03,14380,14450,14350,14450,14450,8154
2015-04-06,14350,14430,14300,14430,14430,6198
2015-04-07,14530,14640,14520,14590,14590,22494
2015-04-08,14680,14740,14640,14700,14700,17487
2015-04-09,14740,14770,14700,14760,14760,7299
2015-04-10,14770,14770,14670,14720,14720,5567
2015-04-13,14760,14760,14590,14680,14680,19140
2015-04-14,14630,14710,14630,14700,14700,6016
2015-04-15,14640,14700,14630,14660,14660,3680
2015-04-16,14680,14750,14590,14740,14740,9496
2015-04-17,14730,14740,14610,14650,14650,18198
2015-04-20,14540,14670,14460,14590,14590,10079
2015-04-21,14650,14840,14640,14840,14840,9766
2015-04-22,14880,15000,14870,14940,14940,19776
2015-04-23,15020,15080,14910,14990,14990,11305
2015-04-24,14970,14990,14900,14910,14910,2819
2015-04-27,14930,14950,14870,14910,14910,6681
2015-04-28,14970,15050,14970,15010,15010,6894
2015-04-30,14840,14870,14630,14670,14670,57480
2015-05-01,14630,14660,14500,14630,14630,10560
2015-05-07,14520,14620,14480,14530,14530,14652
2015-05-08,14560,14650,14520,14630,14630,8382
2015-05-11,14800,14830,14700,14710,14710,6856
2015-05-12,14700,14740,14600,14740,14740,6819
2015-05-13,14650,14780,14610,14760,14760,8292
2015-05-14,14700,14740,14620,14630,14630,9529
2015-05-15,14740,14800,14670,14770,14770,13605
2015-05-18,14820,14940,14820,14940,14940,16686
2015-05-19,14980,15050,14970,15020,15020,23389
2015-05-20,15110,15190,15090,15110,15110,24012
2015-05-21,15130,15230,15120,15140,15140,7913
2015-05-22,15160,15180,15070,15180,15180,10346
2015-05-25,15230,15280,15210,15270,15270,18942
2015-05-26,15270,15300,15240,15280,15280,4790
2015-05-27,15240,15320,15200,15300,15300,6755
2015-05-28,15380,15440,15330,15390,15390,6796
2015-05-29,15330,15450,15330,15390,15390,24395
2015-06-01,15330,15440,15270,15420,15420,23993
2015-06-02,15460,15470,15340,15370,15370,6212
2015-06-03,15330,15370,15290,15330,15330,11017
2015-06-04,15390,15400,15330,15350,15350,3808
2015-06-05,15270,15320,15240,15320,15320,7692
2015-06-08,15370,15380,15230,15280,15280,14686
2015-06-09,15160,15210,15020,15030,15030,23697
2015-06-10,15040,15140,14950,14980,14980,13143
2015-06-11,15080,15180,15070,15150,15150,27367
2015-06-12,15200,15200,15110,15170,15170,8990
2015-06-15,15050,15180,15030,15170,15170,3717
2015-06-16,15130,15140,15040,15070,15070,13595
2015-06-17,15110,15120,14960,15010,15010,4441
2015-06-18,14990,14990,14840,14840,14840,25082
2015-06-19,14990,15010,14930,15000,15000,6446
2015-06-22,14970,15150,14970,15120,15120,6600
2015-06-23,15240,15390,15230,15390,15390,13722
2015-06-24,15390,15490,15390,15430,15430,6395
2015-06-25,15340,15410,15320,15350,15350,3831
2015-06-26,15350,15350,15210,15300,15300,5577
2015-06-29,14850,15060,14840,14930,14930,17163
2015-06-30,14930,15020,14900,14970,14970,12859
2015-07-01,15050,15070,14970,15050,15050,3179
2015-07-02,15210,15230,15130,15150,15150,3443
2015-07-03,15140,15220,15120,15200,15200,3428
2015-07-06,15000,15040,14860,14930,14930,27840
2015-07-07,15110,15150,15060,15070,15070,5745
2015-07-08,15000,15010,14580,14580,14580,80817
2015-07-09,14300,14560,14080,14540,14540,31852
2015-07-10,14590,14750,14550,14620,14620,9613
2015-07-13,14750,14880,14710,14870,14870,5383
2015-07-14,14960,15000,14900,14940,14940,10642
2015-07-15,15000,15020,14940,15000,15000,7458
2015-07-16,15100,15130,15050,15130,15130,8363
2015-07-17,15150,15160,15120,15160,15160,11277
2015-07-21,15230,15250,15180,15240,15240,3631
2015-07-22,15200,15200,15060,15080,15080,8058
2015-07-23,15130,15170,15100,15140,15140,3864
2015-07-24,15130,15130,15050,15070,15070,3759
2015-07-27,14970,15010,14860,14930,14930,5957
2015-07-28,14770,14910,14700,14850,14850,8786
2015-07-29,14890,14900,14810,14890,14890,4058
2015-07-30,14970,15080,14970,15020,15020,6817
2015-07-31,15020,15080,14990,15070,15070,8118
2015-08-03,15100,15110,14980,15100,15100,5015
2015-08-04,15050,15120,15030,15080,15080,3001
2015-08-05,15100,15260,15090,15180,15180,39124
2015-08-06,15300,15380,15230,15230,15230,5593
2015-08-07,15210,15300,15140,15280,15280,6636
2015-08-10,15250,15380,15210,15370,15370,3140
2015-08-11,15430,15500,15260,15360,15360,17501
2015-08-12,15310,15330,15060,15160,15160,19524
2015-08-13,15100,15200,15010,15190,15190,7653
2015-08-14,15170,15210,15110,15140,15140,3185
2015-08-17,15190,15250,15160,15220,15220,3014
2015-08-18,15220,15250,15180,15190,15190,1363
2015-08-19,15120,15160,14950,14970,14970,9611
2015-08-20,14930,14940,14750,14760,14760,10402
2015-08-21,14460,14500,14310,14310,14310,65057
2015-08-24,14000,14070,13530,13560,13560,51998
2015-08-25,13080,14020,12890,13110,13110,45231
2015-08-26,13200,13530,13050,13510,13510,18895
2015-08-27,13900,13900,13600,13650,13650,17326
2015-08-28,14020,14130,13940,14080,14080,11390
2015-08-31,14010,14020,13840,13920,13920,25317
2015-09-01,13850,13880,13410,13410,13410,23849
2015-09-02,13190,13560,13120,13270,13270,12990
2015-09-03,13500,13590,13370,13380,13380,6524
2015-09-04,13480,13500,12970,13100,13100,24013
2015-09-07,13000,13190,12840,13120,13120,11959
2015-09-08,13140,13180,12830,12830,12830,7370
2015-09-09,13130,13650,13050,13640,13640,13954
2015-09-10,13250,13440,13190,13400,13400,15126
2015-09-11,13240,13490,13240,13430,13430,8193
2015-09-14,13490,13490,13220,13250,13250,6946
2015-09-15,13310,13490,13240,13290,13290,14696
2015-09-16,13390,13430,13300,13360,13360,9675
2015-09-17,13490,13550,13420,13510,13510,2531
2015-09-18,13510,13510,13230,13270,13270,8380
2015-09-24,13050,13310,13000,13040,13040,5088
2015-09-25,12920,13170,12880,13170,13170,45974
2015-09-28,13230,13270,13050,13160,13160,4473
2015-09-29,12860,12860,12480,12540,12540,51956
2015-09-30,12750,12920,12710,12840,12840,14992
2015-10-01,12980,13210,12880,13140,13140,11823
2015-10-02,13030,13170,13000,13150,13150,5777
2015-10-05,13290,13380,13240,13340,13340,5194
2015-10-06,13550,13600,13400,13410,13410,22994
2015-10-07,13490,13630,13400,13590,13590,7219
2015-10-08,13580,13660,13480,13480,13480,6214
2015-10-09,13630,13810,13610,13810,13810,6154
2015-10-13,13720,13790,13680,13700,13700,3554
2015-10-14,13570,13570,13370,13410,13410,13314
2015-10-15,13340,13600,13260,13580,13580,6037
2015-10-16,13690,13800,13690,13710,13710,7197
2015-10-19,13720,13720,13560,13620,13620,11578
2015-10-20,13690,13690,13620,13670,13670,727
2015-10-21,13630,13920,13620,13880,13880,8039
2015-10-22,13790,13920,13780,13820,13820,4610
2015-10-23,14100,14160,14080,14110,14110,31854
2015-10-26,14300,14310,14200,14210,14210,6202
2015-10-27,14220,14230,14070,14090,14090,3266
2015-10-28,14140,14150,14050,14100,14100,2551
2015-10-29,14200,14220,14030,14140,14140,4306
2015-10-30,14130,14340,14040,14250,14250,5991
2015-11-02,14020,14050,13900,13940,13940,13375
2015-11-04,14010,14230,14010,14080,14080,7653
2015-11-05,14100,14260,14100,14210,14210,15916
2015-11-06,14280,14320,14230,14310,14310,7227
2015-11-09,14420,14580,14420,14530,14530,9573
2015-11-10,14560,14560,14350,14560,14560,3610
2015-11-11,14660,14660,14530,14640,14640,12011
2015-11-12,14570,14630,14550,14600,14600,4518
2015-11-13,14450,14540,14390,14500,14500,6663
2015-11-16,14260,14450,14250,14410,14410,11402
2015-11-17,14570,14600,14530,14540,14540,16317
2015-11-18,14650,14660,14520,14530,14530,6713
2015-11-19,14680,14760,14610,14650,14650,20757
2015-11-20,14620,14680,14580,14670,14670,9907
2015-11-24,14720,14740,14660,14730,14730,7030
2015-11-25,14660,14680,14570,14600,14600,5110
2015-11-26,14680,14730,14670,14680,14680,4570
2015-11-27,14720,14720,14590,14610,14610,10996
2015-11-30,14610,14620,14460,14490,14490,9607
2015-12-01,14530,14660,14500,14660,14660,5105
2015-12-02,14640,14700,14640,14660,14660,6633
2015-12-03,14650,14690,14620,14660,14660,2452
2015-12-04,14550,14550,14350,14390,14390,21418
2015-12-07,14530,14600,14500,14530,14530,2973
2015-12-08,14520,14560,14350,14360,14360,5335
2015-12-09,14300,14370,14200,14240,14240,10924
2015-12-10,14150,14150,14050,14090,14090,15696
2015-12-11,14110,14250,14070,14150,14150,4654
2015-12-14,13980,14000,13760,14000,14000,11762
2015-12-15,14000,14010,13750,13770,13770,13172
2015-12-16,14020,14130,13980,14120,14120,5878
2015-12-17,14320,14500,14310,14340,14340,59892
2015-12-18,14300,14680,14080,14100,14100,63592
2015-12-21,14000,14080,13850,14050,14050,12350
2015-12-22,14030,14090,13990,14080,14080,15262
2015-12-24,14180,14200,13950,13950,13950,41707
2015-12-25,13960,13990,13900,13900,13900,5719
2015-12-28,14000,14080,13960,14030,14030,5007
2015-12-29,14040,14190,13980,14190,14190,3652
2015-12-30,14190,14280,14170,14170,14170,12287
2016-01-04,14010,14160,13810,13860,13860,35857
2016-01-05,13780,13920,13750,13800,13800,9742
2016-01-06,13810,13900,13580,13670,13670,10654
2016-01-07,13500,13650,13360,13400,13400,37819
2016-01-08,13390,13500,13220,13300,13300,30583
2016-01-12,13100,13300,12850,12880,12880,28142
2016-01-13,13000,13130,12970,13110,13110,15048
2016-01-14,12810,12810,12570,12800,12800,25650
2016-01-15,12980,13040,12670,12730,12730,23083
2016-01-18,12500,12670,12410,12630,12630,14875
2016-01-19,12580,12680,12500,12640,12640,9113
2016-01-20,12610,12610,12170,12210,12210,38311
2016-01-21,12180,12370,11850,11850,11850,30558
2016-01-22,12350,12540,12150,12490,12490,22606
2016-01-25,12720,12740,12540,12680,12680,9792
2016-01-26,12500,12500,12370,12400,12400,13634
2016-01-27,12700,12780,12630,12740,12740,6721
2016-01-28,12690,12810,12620,12670,12670,9568
2016-01-29,12760,13090,12460,13080,13080,44019
2016-02-01,13320,13360,13210,13330,13330,10692
2016-02-02,13200,13340,13190,13250,13250,8252
2016-02-03,12990,13000,12730,12830,12830,9356
2016-02-04,12690,12780,12590,12670,12670,8029
2016-02-05,12510,12590,12340,12490,12490,4719
2016-02-08,12450,12650,12280,12580,12580,9133
2016-02-09,12070,12090,11850,11920,11920,47991
2016-02-10,11920,11930,11360,11500,11500,15316
2016-02-12,11110,11160,10860,10900,10900,21487
2016-02-15,11500,11890,11350,11780,11780,17896
2016-02-16,11730,12050,11650,11850,11850,10954
2016-02-17,11800,11960,11550,11680,11680,13822
2016-02-18,12020,12060,11920,11950,11950,8956
2016-02-19,11860,11860,11700,11830,11830,6250
2016-02-22,11710,11930,11690,11870,11870,5264
2016-02-23,11940,12040,11790,11810,11810,11851
2016-02-24,11650,11800,11580,11730,11730,19449
2016-02-25,11800,12000,11800,11960,11960,4430
2016-02-26,12060,12170,11990,12020,12020,8338
2016-02-29,12160,12210,11880,11890,11890,9539
2016-03-01,11860,11930,11750,11890,11890,5833
2016-03-02,12190,12410,12190,12360,12360,17134
2016-03-03,12320,12540,12320,12520,12520,6786
2016-03-04,12490,12580,12460,12560,12560,3565
2016-03-07,12570,12570,12430,12450,12450,1611
2016-03-08,12400,12420,12160,12320,12320,7193
2016-03-09,12200,12210,12100,12190,12190,3839
2016-03-10,12300,12370,12250,12340,12340,4235
2016-03-11,12180,12460,12160,12390,12390,4119
2016-03-14,12590,12650,12520,12600,12600,1560
2016-03-15,12570,12620,12470,12510,12510,2726
2016-03-16,12420,12530,12410,12410,12410,1119
2016-03-17,12490,12590,12300,12400,12400,8438
2016-03-18,12350,12390,12170,12250,12250,3358
2016-03-22,12410,12540,12350,12470,12470,14880
2016-03-23,12470,12550,12400,12420,12420,2312
2016-03-24,12390,12420,12300,12340,12340,1686
2016-03-25,12350,12470,12320,12430,12430,14827
2016-03-28,12540,12590,12450,12590,12590,2668
2016-03-29,12580,12700,12580,12670,12670,8011
2016-03-30,12650,12650,12480,12490,12490,2612
2016-03-31,12550,12580,12370,12400,12400,5980
2016-04-01,12350,12350,11930,11960,11960,27466
2016-04-04,11940,12060,11880,11970,11970,8642
2016-04-05,11910,11920,11640,11640,11640,19806
2016-04-06,11620,11690,11550,11660,11660,3441
2016-04-07,11640,11770,11600,11700,11700,2618
2016-04-08,11510,11980,11510,11840,11840,8489
2016-04-11,11750,11780,11610,11770,11770,6146
2016-04-12,11760,11960,11750,11930,11930,2914
2016-04-13,12100,12280,12090,12240,12240,4601
2016-04-14,12440,12620,12440,12610,12610,13445
2016-04-15,12450,12600,12450,12530,12530,6521
2016-04-18,12100,12220,12090,12170,12170,4978
2016-04-19,12500,12580,12500,12560,12560,8182
2016-04-20,12690,12720,12560,12570,12570,8485
2016-04-21,12750,12860,12730,12820,12820,11600
2016-04-22,12720,12990,12720,12970,12970,19108
2016-04-25,13050,13050,12910,12950,12950,2438
2016-04-26,12870,12900,12740,12860,12860,1610
2016-04-27,12860,12890,12740,12800,12800,1564
2016-04-28,12900,12950,12260,12370,12370,7412
2016-05-02,11840,11990,11830,11970,11970,13233
2016-05-06,12010,12070,11880,11970,11970,3613
2016-05-09,12070,12100,12000,12060,12060,862
2016-05-10,12080,12310,12020,12290,12290,5581
2016-05-11,12440,12460,12260,12260,12260,4715
2016-05-12,12160,12330,12130,12330,12330,7378
2016-05-13,12360,12390,12130,12130,12130,1351
2016-05-16,12160,12290,12140,12180,12180,2166
2016-05-17,12290,12320,12210,12320,12320,13211
2016-05-18,12290,12430,12220,12340,12340,12274
2016-05-19,12420,12460,12280,12320,12320,1737
2016-05-20,12280,12380,12250,12370,12370,2267
2016-05-23,12290,12330,12150,12320,12320,3761
2016-05-24,12280,12280,12190,12190,12190,3302
2016-05-25,12400,12460,12340,12350,12350,5116
2016-05-26,12460,12480,12330,12340,12340,7529
2016-05-27,12400,12430,12360,12410,12410,1535
2016-05-30,12500,12560,12450,12560,12560,4850
2016-05-31,12520,12690,12520,12660,12660,17244
2016-06-01,12560,12620,12480,12500,12500,23534
2016-06-02,12420,12420,12210,12240,12240,24714
2016-06-03,12290,12320,12210,12280,12280,4453
2016-06-06,12080,12240,12040,12230,12230,8172
2016-06-07,12270,12320,12210,12300,12300,3470
2016-06-08,12330,12410,12230,12390,12390,1590
2016-06-09,12310,12360,12230,12260,12260,3830
2016-06-10,12260,12260,12130,12200,12200,8329
2016-06-13,12000,12020,11790,11800,11800,21311
2016-06-14,11750,11810,11610,11690,11690,18204
2016-06-15,11640,11790,11610,11720,11720,13217
2016-06-16,11680,11710,11380,11420,11420,17044
2016-06-17,11580,11610,11470,11500,11500,4183
2016-06-20,11660,11790,11660,11730,11730,12090
2016-06-21,11660,11920,11600,11880,11880,51992
2016-06-22,11850,11880,11760,11830,11830,1839
2016-06-23,11860,11960,11800,11960,11960,7136
2016-06-24,12050,12050,10970,11080,11080,17044
2016-06-27,11200,11290,11150,11290,11290,4836
2016-06-28,11120,11360,11050,11280,11280,22177
2016-06-29,11460,11530,11350,11500,11500,13354
2016-06-30,11630,11650,11490,11500,11500,3703
2016-07-01,11530,11610,11500,11540,11540,4437
2016-07-04,11520,11640,11480,11620,11620,5273
2016-07-05,11550,11580,11500,11580,11580,17634
2016-07-06,11400,11570,11200,11350,11350,12523
2016-07-07,11320,11400,11250,11280,11280,4288
2016-07-08,11290,11330,11130,11130,11130,6518
2016-07-11,11410,11600,11390,11540,11540,6472
2016-07-12,11710,11910,11710,11790,11790,21408
2016-07-13,12000,12000,11820,11840,11840,14902
2016-07-14,11840,11950,11840,11920,11920,18248
2016-07-15,11980,12060,11920,11970,11970,33834
2016-07-19,12060,12090,11960,12080,12080,48087
2016-07-20,12030,12110,11990,12110,12110,45667
2016-07-21,12240,12260,12130,12170,12170,69327
2016-07-22,12010,12100,12010,12040,12040,15717
2016-07-25,12100,12200,12060,12060,12060,13234
2016-07-26,12000,12010,11860,11920,11920,11957
2016-07-27,11990,12130,11970,12050,12050,35677
2016-07-28,11960,11980,11880,11910,11910,24223
2016-07-29,11870,12040,11710,12030,12030,21593
2016-08-01,11860,12070,11820,12030,12030,19423
2016-08-02,11900,11970,11830,11830,11830,16025
2016-08-03,11660,11700,11570,11590,11590,11686
2016-08-04,11610,11700,11500,11690,11690,7802
2016-08-05,11710,11740,11640,11650,11650,12416
2016-08-08,11840,11890,11800,11890,11890,14138
2016-08-09,11910,12010,11900,11990,11990,19277
2016-08-10,11940,12020,11920,11980,11980,46795
2016-08-12,12060,12090,12010,12040,12040,11466
2016-08-15,12000,12050,11990,12000,12000,22064
2016-08-16,12010,12020,11840,11840,11840,8237
2016-08-17,11820,11980,11820,11950,11950,1774
2016-08-18,11880,11910,11770,11770,11770,3709
2016-08-19,11820,11850,11740,11810,11810,1138
2016-08-22,11830,11870,11800,11860,11860,13972
2016-08-23,11840,11900,11760,11820,11820,17913
2016-08-24,11880,11920,11850,11870,11870,6264
2016-08-25,11870,11900,11850,11860,11860,6817
2016-08-26,11840,11840,11710,11720,11720,22275
2016-08-29,11960,12000,11950,11960,11960,4115
2016-08-30,11950,11980,11920,11950,11950,697
2016-08-31,12060,12140,12060,12110,12110,5338
2016-09-01,12140,12210,12100,12200,12200,7435
2016-09-02,12170,12230,12170,12230,12230,4247
2016-09-05,12360,12360,12230,12240,12240,5707
2016-09-06,12250,12320,12250,12320,12320,3224
2016-09-07,12200,12280,12180,12280,12280,2168
2016-09-08,12290,12290,12150,12230,12230,2558
2016-09-09,12250,12260,12170,12230,12230,6552
2016-09-12,12060,12080,11970,12010,12010,6462
2016-09-13,12060,12080,11980,12030,12030,2333
2016-09-14,11950,12020,11940,11970,11970,5149
2016-09-15,11900,11900,11790,11820,11820,7807
2016-09-16,11860,11940,11830,11940,11940,4714
2016-09-20,11880,12030,11860,11950,11950,9997
2016-09-21,11980,12300,11900,12290,12290,9878
2016-09-23,12230,12280,12190,12250,12250,3780
2016-09-26,12260,12260,12110,12120,12120,2607
2016-09-27,12020,12240,11910,12230,12230,11727
2016-09-28,12240,12240,12120,12160,12160,13599
2016-09-29,12260,12330,12230,12290,12290,14685
2016-09-30,12070,12150,12040,12100,12100,11801
2016-10-03,12210,12250,12160,12180,12180,2420
2016-10-04,12200,12260,12190,12260,12260,32378
2016-10-05,12310,12330,12260,12330,12330,4584
2016-10-06,12380,12440,12370,12370,12370,1762
2016-10-07,12370,12380,12320,12350,12350,8861
2016-10-11,12380,12470,12380,12390,12390,2855
2016-10-12,12290,12370,12270,12300,12300,2530
2016-10-13,12350,12380,12220,12260,12260,2638
2016-10-14,12250,12310,12230,12310,12310,8603
2016-10-17,12300,12380,12290,12350,12350,2432
2016-10-18,12350,12390,12320,12390,12390,1842
2016-10-19,12390,12420,12370,12400,12400,561
2016-10-20,12400,12530,12400,12530,12530,46935
2016-10-21,12530,12560,12470,12480,12480,6960
2016-10-24,12510,12520,12460,12510,12510,9495
2016-10-25,12570,12620,12570,12600,12600,2888
2016-10-26,12600,12670,12560,12660,12660,2204
2016-10-27,12660,12700,12610,12650,12650,2530
2016-10-28,12730,12740,12700,12730,12730,6303
2016-10-31,12700,12760,12680,12760,12760,5224
2016-11-01,12740,12770,12670,12750,12750,9651
2016-11-02,12600,12610,12480,12510,12510,6744
2016-11-04,12370,12400,12230,12340,12340,34542
2016-11-07,12490,12520,12410,12480,12480,20851
2016-11-08,12510,12530,12440,12470,12470,1587
2016-11-09,12550,12660,11790,11950,11950,35415
2016-11-10,12650,12680,12490,12610,12610,13922
2016-11-11,12760,12830,12600,12650,12650,6318
2016-11-14,12740,12870,12720,12840,12840,25268
2016-11-15,12890,12900,12800,12880,12880,23070
2016-11-16,13020,13060,12990,13030,13030,29166
2016-11-17,12980,13050,12960,13030,13030,4330
2016-11-18,13170,13180,13090,13090,13090,16374
2016-11-21,13160,13230,13130,13210,13210,11842
2016-11-22,13210,13260,13190,13250,13250,9173
2016-11-24,13400,13410,13370,13370,13370,73716
2016-11-25,13410,13500,13360,13420,13420,16805
2016-11-28,13370,13480,13350,13460,13460,9394
2016-11-29,13400,13460,13400,13450,13450,4204
2016-11-30,13460,13500,13430,13440,13440,13823
2016-12-01,13640,13730,13550,13560,13560,54396
2016-12-02,13560,13600,13480,13540,13540,15109
2016-12-05,13480,13490,13390,13440,13440,37135
2016-12-06,13570,13580,13480,13510,13510,16232
2016-12-07,13580,13640,13550,13620,13620,6115
2016-12-08,13760,13820,13710,13810,13810,15966
2016-12-09,13830,13960,13820,13940,13940,102582
2016-12-12,14050,14110,13910,13990,13990,22978
2016-12-13,13970,14080,13910,14070,14070,25439
2016-12-14,14080,14100,14050,14060,14060,14625
2016-12-15,14090,14210,14030,14080,14080,25539
2016-12-16,14180,14220,14140,14160,14160,6577
2016-12-19,14140,14170,14110,14160,14160,3318
2016-12-20,14160,14210,14120,14200,14200,8631
2016-12-21,14240,14270,14110,14130,14130,19375
2016-12-22,14120,14130,14060,14130,14130,4511
2016-12-26,14100,14110,14070,14070,14070,5554
2016-12-27,14030,14150,14030,14080,14080,12374
2016-12-28,14100,14120,14060,14090,14090,17233
2016-12-29,14030,14030,13890,13930,13930,7883
2016-12-30,13850,13950,13820,13910,13910,7540
2017-01-04,14050,14260,14050,14240,14240,6270
2017-01-05,14290,14290,14220,14250,14250,6103
2017-01-06,14130,14260,14100,14250,14250,41899
2017-01-10,14210,14270,14120,14150,14150,49596
2017-01-11,14190,14230,14160,14210,14210,29436
2017-01-12,14050,14050,13900,13970,13970,10724
2017-01-13,13940,14060,13940,14050,14050,18381
2017-01-16,14010,14030,13900,13910,13910,5902
2017-01-17,13890,13890,13720,13730,13730,9096
2017-01-18,13670,13790,13590,13770,13770,8928
2017-01-19,13910,13950,13840,13900,13900,3207
2017-01-20,13900,13980,13890,13950,13950,7942
2017-01-23,13830,13850,13750,13770,13770,5074
2017-01-24,13720,13760,13670,13690,13690,9417
2017-01-25,13900,13930,13800,13820,13820,6768
2017-01-26,13980,14060,13970,14050,14050,5921
2017-01-27,14120,14150,14080,14100,14100,12249
2017-01-30,14060,14060,13990,14050,14050,9200
2017-01-31,13880,13950,13850,13860,13860,3555
2017-02-01,13770,13910,13730,13900,13900,6575
2017-02-02,13940,13940,13720,13740,13740,3891
2017-02-03,13820,13850,13730,13770,13770,2227
2017-02-06,13920,13940,13780,13810,13810,1770
2017-02-07,13750,13840,13720,13810,13810,2203
2017-02-08,13830,13870,13790,13870,13870,2367
2017-02-09,13820,13830,13760,13760,13760,685
2017-02-10,14010,14090,13960,14090,14090,28499
2017-02-13,14210,14210,14120,14140,14140,11262
2017-02-14,14190,14190,13990,13990,13990,7713
2017-02-15,14160,14180,14130,14130,14130,3577
2017-02-16,14130,14160,14050,14110,14110,3308
2017-02-17,14060,14080,14010,14060,14060,9796
2017-02-20,14040,14100,13990,14070,14070,5913
2017-02-21,14090,14180,14090,14170,14170,5159
2017-02-22,14210,14210,14150,14170,14170,2323
2017-02-23,14160,14170,14090,14150,14150,559
2017-02-24,14100,14180,14070,14100,14100,6096
2017-02-27,14010,14010,13880,13960,13960,11192
2017-02-28,14050,14090,13970,13970,13970,5825
2017-03-01,14010,14150,13970,14130,14130,7268
2017-03-02,14320,14340,14230,14230,14230,70754
2017-03-03,14210,14240,14110,14150,14150,4263
2017-03-06,14120,14150,14090,14120,14120,3547
2017-03-07,14110,14150,14110,14120,14120,3320
2017-03-08,14130,14130,14040,14090,14090,1607
2017-03-09,14130,14150,14080,14120,14120,6883
2017-03-10,14250,14300,14220,14300,14300,4511
2017-03-13,14280,14340,14260,14330,14330,2212
2017-03-14,14350,14350,14300,14300,14300,1770
2017-03-15,14250,14300,14230,14300,14300,5425
2017-03-16,14210,14330,14200,14300,14300,4308
2017-03-17,14240,14270,14210,14240,14240,2353
2017-03-21,14190,14220,14130,14200,14200,2138
2017-03-22,13950,14000,13880,13900,13900,24227
2017-03-23,13890,13920,13830,13910,13910,1410
2017-03-24,13900,14040,13900,14030,14030,1575
2017-03-27,13900,13920,13790,13840,13840,34231
2017-03-28,13950,14030,13950,14030,14030,2147
2017-03-29,14140,14150,14090,14130,14130,1813
2017-03-30,14090,14110,13970,13990,13990,3656
2017-03-31,14060,14100,13850,13850,13850,19523
2017-04-03,13900,13950,13850,13900,13900,4043
2017-04-04,13850,13860,13710,13800,13800,17066
2017-04-05,13820,13870,13730,13810,13810,5126
2017-04-06,13740,13760,13550,13590,13590,22770
2017-04-07,13670,13750,13580,13670,13670,8447
2017-04-10,13750,13800,13740,13750,13750,2837
2017-04-11,13700,13740,13660,13740,13740,2270
2017-04-12,13600,13620,13520,13580,13580,7943
2017-04-13,13480,13510,13410,13480,13480,7272
2017-04-14,13420,13480,13390,13420,13420,4257
2017-04-17,13350,13470,13340,13470,13470,4006
2017-04-18,13550,13600,13490,13510,13510,1677
2017-04-19,13470,13540,13460,13520,13520,1254
2017-04-20,13500,13570,13500,13520,13520,699
2017-04-21,13620,13660,13600,13640,13640,945
2017-04-24,13820,13830,13760,13770,13770,2598
2017-04-25,13770,13940,13770,13910,13910,5683
2017-04-26,14030,14090,14020,14090,14090,45159
2017-04-27,14050,14090,14030,14090,14090,1503
2017-04-28,14070,14100,14000,14030,14030,1118
2017-05-01,14030,14090,14030,14090,14090,3823
2017-05-02,14130,14210,14130,14190,14190,10825
2017-05-08,14360,14530,14360,14530,14530,54747
2017-05-09,14530,14530,14450,14450,14450,10669
2017-05-10,14470,14520,14460,14500,14500,6930
2017-05-11,14500,14520,14470,14510,14510,6402
2017-05-12,14500,14500,14380,14430,14430,8492
2017-05-15,14370,14450,14370,14440,14440,14918
2017-05-16,14500,14560,14460,14480,14480,10959
2017-05-17,14400,14430,14380,14410,14410,5367
2017-05-18,14170,14260,14160,14230,14230,2740
2017-05-19,14220,14290,14170,14270,14270,1008
2017-05-22,14320,14370,14310,14340,14340,2959
2017-05-23,14340,14360,14310,14310,14310,277
2017-05-24,14420,14430,14360,14390,14390,2771
2017-05-25,14380,14460,14380,14420,14420,7198
2017-05-26,14420,14420,14350,14350,14350,1026
2017-05-29,14360,14380,14310,14340,14340,505
2017-05-30,14340,14370,14280,14350,14350,1837
2017-05-31,14310,14340,14290,14300,14300,336
2017-06-01,14330,14500,14330,14490,14490,5777
2017-06-02,14550,14750,14550,14720,14720,8263
2017-06-05,14660,14730,14650,14710,14710,1435
2017-06-06,14670,14690,14570,14570,14570,6498
2017-06-07,14540,14600,14530,14570,14570,1729
2017-06-08,14620,14630,14510,14510,14510,3636
2017-06-09,14530,14560,14470,14520,14520,2257
2017-06-12,14480,14560,14480,14520,14520,301
2017-06-13,14500,14560,14490,14550,14550,492
2017-06-14,14560,14600,14510,14510,14510,2755
2017-06-15,14500,14570,14430,14490,14490,2249
2017-06-16,14530,14620,14510,14570,14570,12965
2017-06-19,14540,14650,14540,14640,14640,6382
2017-06-20,14740,14810,14720,14720,14720,7367
2017-06-21,14690,14720,14660,14670,14670,7189
2017-06-22,14700,14730,14670,14680,14680,5063
2017-06-23,14680,14700,14650,14670,14670,466
2017-06-26,14680,14710,14660,14670,14670,610
2017-06-27,14730,14760,14720,14740,14740,1022
2017-06-28,14720,14810,14720,14750,14750,2738
2017-06-29,14850,14870,14800,14830,14830,6060
2017-06-30,14710,14730,14650,14720,14720,16557
2017-07-03,14730,14770,14710,14740,14740,1045
2017-07-04,14850,14850,14680,14730,14730,1454
2017-07-05,14730,14800,14640,14790,14790,1302
2017-07-06,14760,14800,14750,14760,14760,1588
2017-07-07,14660,14750,14660,14700,14700,843
2017-07-10,14780,14800,14730,14750,14750,2646
2017-07-11,14770,14870,14760,14870,14870,6962
2017-07-12,14690,14700,14620,14640,14640,6826
2017-07-13,14710,14710,14620,14640,14640,2592
2017-07-14,14690,14720,14680,14710,14710,2847
2017-07-18,14670,14670,14560,14660,14660,1737
2017-07-19,14630,14650,14600,14640,14640,1191
2017-07-20,14650,14770,14650,14740,14740,3227
2017-07-21,14740,14740,14710,14720,14720,2542
2017-07-24,14640,14660,14560,14640,14640,4089
2017-07-25,14640,14660,14590,14620,14620,10482
2017-07-26,14700,14700,14600,14630,14630,1669
2017-07-27,14620,14760,14620,14670,14670,4492
2017-07-28,14660,14670,14610,14640,14640,1796
2017-07-31,14620,14680,14590,14630,14630,1004
2017-08-01,14620,14720,14620,14700,14700,3197
2017-08-02,14770,14810,14740,14770,14770,3322
2017-08-03,14760,14800,14720,14770,14770,4337
2017-08-04,14730,14760,14720,14740,14740,1004
2017-08-07,14820,14830,14790,14800,14800,1618
2017-08-08,14830,14830,14730,14770,14770,3762
2017-08-09,14730,14730,14550,14610,14610,10462
2017-08-10,14630,14670,14560,14600,14600,7611
2017-08-14,14470,14520,14410,14460,14460,4910
2017-08-15,14540,14650,14540,14610,14610,1517
2017-08-16,14600,14620,14590,14590,14590,547
2017-08-17,14580,14600,14550,14570,14570,646
2017-08-18,14410,14440,14370,14430,14430,4963
2017-08-21,14450,14450,14350,14360,14360,2560
2017-08-22,14380,14410,14360,14400,14400,325
2017-08-23,14500,14510,14390,14420,14420,1247
2017-08-24,14380,14410,14340,14350,14350,1480
2017-08-25,14390,14410,14360,14380,14380,775
2017-08-28,14400,14410,14360,14400,14400,3819
2017-08-29,14330,14390,14310,14380,14380,16195
2017-08-30,14460,14500,14410,14470,14470,989
2017-08-31,14520,14580,14520,14560,14560,2051
2017-09-01,14610,14610,14500,14560,14560,1298
2017-09-04,14520,14530,14410,14430,14430,5084
2017-09-05,14460,14460,14330,14360,14360,11800
2017-09-06,14270,14360,14250,14350,14350,1359
2017-09-07,14410,14460,14370,14400,14400,2207
2017-09-08,14390,14400,14320,14360,14360,1893
2017-09-11,14470,14560,14470,14500,14500,2127
2017-09-12,14660,14680,14630,14670,14670,3736
2017-09-13,14740,14760,14720,14730,14730,2013
2017-09-14,14730,14780,14680,14680,14680,4170
2017-09-15,14660,14770,14660,14730,14730,2946
2017-09-19,14890,15020,14890,14990,14990,10370
2017-09-20,14990,15030,14960,14990,14990,6358
2017-09-21,15090,15100,14990,14990,14990,39578
2017-09-22,15030,15040,14920,14980,14980,12602
2017-09-25,15060,15070,15000,15020,15020,8091
2017-09-26,15010,15040,15010,15020,15020,3146
2017-09-27,15060,15070,15010,15070,15070,2920
2017-09-28,15160,15170,15090,15140,15140,7017
2017-09-29,15150,15160,15080,15160,15160,2026
2017-10-02,15180,15180,15110,15120,15120,2899
2017-10-03,15180,15240,15160,15240,15240,11406
2017-10-04,15260,15280,15210,15250,15250,17882
2017-10-05,15260,15260,15200,15210,15210,12183
2017-10-06,15260,15290,15220,15260,15260,4849
2017-10-10,15230,15320,15220,15320,15320,5326
2017-10-11,15310,15340,15280,15340,15340,4343
2017-10-12,15390,15400,15340,15360,15360,3085
2017-10-13,15350,15500,15320,15460,15460,18574
2017-10-16,15500,15600,15480,15560,15560,1561
2017-10-17,15620,15650,15550,15600,15600,2990
2017-10-18,15610,15650,15590,15630,15630,1557
2017-10-19,15680,15730,15670,15700,15700,7431
2017-10-20,15640,15710,15630,15710,15710,4664
2017-10-23,15860,15860,15810,15830,15830,4585
2017-10-24,15840,15940,15820,15940,15940,5196
2017-10-25,16000,16010,15850,15870,15870,13887
2017-10-26,15860,15930,15860,15890,15890,1884
2017-10-27,15990,16060,15950,16040,16040,11623
2017-10-30,16040,16070,15980,16050,16050,3173
2017-10-31,15990,16030,15930,16010,16010,2183
2017-11-01,16110,16240,16080,16210,16210,9543
2017-11-02,16290,16290,16200,16280,16280,4109
2017-11-06,16310,16340,16200,16280,16280,4171
2017-11-07,16300,16490,16290,16480,16480,6755
2017-11-08,16460,16540,16410,16540,16540,5861
2017-11-09,16600,16800,16310,16530,16530,22640
2017-11-10,16340,16410,16280,16370,16370,29868
2017-11-13,16320,16340,16200,16200,16200,10847
2017-11-14,16190,16220,16130,16160,16160,10830
2017-11-15,16080,16080,15830,15870,15870,14384
2017-11-16,15790,16080,15790,16030,16030,6201
2017-11-17,16190,16210,16000,16030,16030,9221
2017-11-20,15970,16020,15950,15980,15980,7509
2017-11-21,16070,16150,16070,16070,16070,4621
2017-11-22,16180,16210,16120,16120,16120,1870
2017-11-24,16070,16180,16030,16170,16170,1601
2017-11-27,16220,16230,16080,16110,16110,5189
2017-11-28,16110,16150,16030,16090,16090,573
2017-11-29,16180,16210,16150,16210,16210,4772
2017-11-30,16210,16300,16130,16270,16270,3400
2017-12-01,16390,16400,16220,16320,16320,7050
2017-12-04,16340,16350,16200,16200,16200,1378
2017-12-05,16160,16290,16140,16250,16250,1419
2017-12-06,16220,16220,15990,16030,16030,9059
2017-12-07,16100,16220,16100,16200,16200,1482
2017-12-08,16290,16380,16210,16370,16370,6979
2017-12-11,16410,16460,16340,16450,16450,3980
2017-12-12,16480,16530,16450,16470,16470,7869
2017-12-13,16500,16500,16380,16420,16420,5576
2017-12-14,16410,16430,16350,16380,16380,958
2017-12-15,16340,16350,16190,16250,16250,5606
2017-12-18,16380,16500,16370,16480,16480,9278
2017-12-19,16520,16530,16460,16480,16480,1794
2017-12-20,16480,16540,16470,16520,16520,1954
2017-12-21,16520,16540,16450,16520,16520,1217
2017-12-22,16520,16590,16520,16580,16580,2805
2017-12-25,16580,16620,16560,16600,16600,2150
2017-12-26,16600,16620,16560,16570,16570,1313
2017-12-27,16570,16620,16570,16590,16590,1681
2017-12-28,16610,16610,16480,16520,16520,1233
2017-12-29,16520,16550,16460,16490,16490,780
2018-01-04,16730,16900,16720,16900,16900,21769
2018-01-05,17000,17080,16980,17080,17080,2086
2018-01-09,17220,17240,17110,17180,17180,8749
2018-01-10,17170,17200,17140,17170,17170,1589
2018-01-11,17100,17130,17050,17120,17120,1678
2018-01-12,16980,16980,16860,16910,16910,3925
2018-01-15,17010,17030,16950,16970,16970,1394
2018-01-16,16990,17080,16960,17070,17070,3136
2018-01-17,16980,17060,16970,17050,17050,2011
2018-01-18,17210,17210,16920,16920,16920,4090
2018-01-19,17010,17040,16960,17020,17020,2214
2018-01-22,17020,17060,16970,17050,17050,2176
2018-01-23,17130,17230,17120,17210,17210,5185
2018-01-24,17150,17200,17110,17130,17130,7450
2018-01-25,17020,17060,16970,16970,16970,4475
2018-01-26,17020,17040,16920,16920,16920,2774
2018-01-29,16950,17000,16920,16930,16930,880
2018-01-30,16930,16930,16690,16740,16740,2533
2018-01-31,16640,16730,16540,16550,16550,2802
2018-02-01,16660,16830,16630,16820,16820,3263
2018-02-02,16760,16800,16630,16750,16750,2688
2018-02-05,16480,16530,16390,16410,16410,8616
2018-02-06,15750,15810,15400,15720,15720,18787
2018-02-07,16180,16240,15760,15780,15780,7309
2018-02-08,15870,15960,15790,15930,15930,3364
2018-02-09,15530,15650,15400,15650,15650,48559
2018-02-13,15820,15820,15470,15490,15490,4144
2018-02-14,15530,15570,15280,15370,15370,11560
2018-02-15,15520,15590,15450,15510,15510,1425
2018-02-16,15610,15750,15570,15660,15660,1817
2018-02-19,15800,16000,15770,16000,16000,5646
2018-02-20,15950,15950,15770,15870,15870,3282
2018-02-21,15900,15940,15750,15830,15830,3438
2018-02-22,15750,15750,15600,15690,15690,1865
2018-02-23,15730,15820,15680,15810,15810,3967
2018-02-26,15960,15990,15900,15950,15950,1411
2018-02-27,16100,16150,16060,16090,16090,2031
2018-02-28,16060,16110,15900,15910,15910,796
2018-03-01,15790,15790,15610,15650,15650,3202
2018-03-02,15380,15410,15280,15370,15370,28348
2018-03-05,15270,15330,15190,15270,15270,15638
2018-03-06,15500,15550,15420,15460,15460,2629
2018-03-07,15350,15500,15330,15350,15350,2335
2018-03-08,15480,15480,15350,15400,15400,1168
2018-03-09,15490,15660,15380,15450,15450,3665
2018-03-12,15680,15720,15610,15680,15680,1355
2018-03-13,15600,15770,15600,15770,15770,2013
2018-03-14,15650,15710,15630,15700,15700,2104
2018-03-15,15640,15710,15550,15690,15690,2519
2018-03-16,15730,15730,15610,15650,15650,2042
2018-03-19,15580,15620,15450,15500,15500,1874
2018-03-20,15390,15470,15320,15470,15470,1674
2018-03-22,15420,15550,15390,15550,15550,1379
2018-03-23,15180,15210,14970,15010,15010,18932
2018-03-26,14910,15040,14820,15040,15040,4106
2018-03-27,15200,15450,15200,15440,15440,1964
2018-03-28,15260,15440,15230,15440,15440,3157
2018-03-29,15560,15570,15350,15470,15470,1919
2018-03-30,15610,15620,15510,15580,15580,2401
2018-04-02,15600,15650,15520,15530,15530,2720
2018-04-03,15330,15500,15320,15480,15480,2600
2018-04-04,15510,15540,15430,15490,15490,1217
2018-04-05,15600,15750,15560,15680,15680,3251
2018-04-06,15680,15730,15620,15620,15620,3568
2018-04-09,15590,15730,15590,15700,15700,1799
2018-04-10,15650,15830,15610,15750,15750,4098
2018-04-11,15780,15790,15700,15700,15700,1837
2018-04-12,15660,15670,15600,15620,15620,1462
2018-04-13,15700,15770,15690,15730,15730,1673
2018-04-16,15750,15780,15720,15780,15780,898
2018-04-17,15750,15790,15700,15740,15740,1599
2018-04-18,15770,15910,15760,15890,15890,1442
2018-04-19,15940,16000,15900,15920,15920,2108
2018-04-20,15910,15940,15850,15900,15900,985
2018-04-23,15940,15950,15870,15890,15890,296
2018-04-24,15990,16060,15930,16050,16050,2752
2018-04-25,15970,16040,15930,16030,16030,682
2018-04-26,16070,16100,16050,16100,16100,1894
2018-04-27,16140,16150,16070,16120,16120,974
2018-05-01,16100,16120,16050,16120,16120,3774
2018-05-02,16130,16140,16060,16070,16070,1061
2018-05-07,16100,16110,16010,16090,16090,2063
2018-05-08,16080,16190,16080,16150,16150,2039
2018-05-09,16140,16140,16020,16050,16050,2093
2018-05-10,16080,16110,16030,16090,16090,10079
2018-05-11,16160,16270,16150,16260,16260,4274
2018-05-14,16260,16380,16260,16370,16370,2137
2018-05-15,16380,16420,16350,16370,16370,1125
2018-05-16,16320,16360,16300,16320,16320,1005
2018-05-17,16370,16420,16370,16390,16390,1601
2018-05-18,16420,16460,16390,16450,16450,2505
2018-05-21,16470,16500,16440,16460,16460,5798
2018-05-22,16460,16460,16400,16410,16410,1449
2018-05-23,16350,16420,16260,16290,16290,8259
2018-05-24,16260,16260,16080,16120,16120,14775
2018-05-25,16060,16110,16040,16100,16100,900
2018-05-28,16090,16120,16050,16110,16110,526
2018-05-29,16080,16080,15960,16020,16020,938
2018-05-30,15790,15810,15740,15790,15790,28474
2018-05-31,15880,15900,15820,15880,15880,2280
2018-06-01,15840,15960,15810,15880,15880,721
2018-06-04,16060,16150,16040,16120,16120,2149
2018-06-05,16180,16190,16100,16110,16110,1437
2018-06-06,16130,16170,16100,16150,16150,360
2018-06-07,16220,16270,16220,16260,16260,6954
2018-06-08,16230,16280,16170,16190,16190,1129
2018-06-11,16170,16250,16150,16220,16220,844
2018-06-12,16300,16350,16230,16270,16270,12949
2018-06-13,16280,16370,16280,16340,16340,1498
2018-06-14,16290,16300,16210,16220,16220,4134
2018-06-15,16280,16290,16220,16250,16250,526
2018-06-18,16240,16240,16040,16110,16110,25409
2018-06-19,16040,16070,15870,15880,15880,5352
2018-06-20,15880,15960,15740,15960,15960,2747
2018-06-21,15930,16000,15900,15940,15940,2713
2018-06-22,15790,15900,15760,15900,15900,1451
2018-06-25,15900,15900,15730,15760,15760,8449
2018-06-26,15660,15790,15600,15780,15780,1840
2018-06-27,15780,15810,15710,15780,15780,1951
2018-06-28,15750,15750,15630,15730,15730,789
2018-06-29,15760,15760,15640,15750,15750,2614
2018-07-02,15680,15730,15420,15440,15440,10659
2018-07-03,15490,15500,15300,15410,15410,15183
2018-07-04,15360,15460,15340,15420,15420,895
2018-07-05,15410,15410,15250,15310,15310,5271
2018-07-06,15400,15480,15380,15450,15450,380
2018-07-09,15480,15630,15480,15600,15600,792
2018-07-10,15700,15780,15680,15680,15680,1763
2018-07-11,15450,15780,15240,15360,15360,1797
2018-07-12,15440,15480,15390,15450,15450,485
2018-07-13,15580,15660,15530,15610,15610,777
2018-07-17,15670,15810,15630,15720,15720,1517
2018-07-18,15880,15880,15760,15800,15800,1471
2018-07-19,15830,15860,15770,15780,15780,969
2018-07-20,15740,15820,15650,15740,15740,1640
2018-07-23,15640,15750,15640,15680,15680,999
2018-07-24,15760,15780,15700,15710,15710,593
2018-07-25,15810,15830,15790,15800,15800,320
2018-07-26,15920,15920,15850,15880,15880,918
2018-07-27,15930,15970,15900,15970,15970,3714
2018-07-30,15940,15950,15880,15920,15920,326
2018-07-31,15860,15920,15740,15790,15790,773
2018-08-01,15860,15950,15810,15920,15920,2375
2018-08-02,15920,15960,15750,15770,15770,2652
2018-08-03,15820,15820,15690,15720,15720,1476
2018-08-06,15710,15740,15600,15630,15630,754
2018-08-07,15610,15730,15610,15730,15730,2081
2018-08-08,15740,15830,15710,15730,15730,1975
2018-08-09,15690,15700,15620,15680,15680,885
2018-08-10,15680,15680,15480,15490,15490,4436
2018-08-13,15370,15370,15140,15170,15170,3098
2018-08-14,15260,15410,15250,15390,15390,471
2018-08-15,15420,15440,15250,15320,15320,531
2018-08-16,15140,15270,15050,15250,15250,5392
2018-08-17,15300,15330,15290,15320,15320,245
2018-08-20,15280,15300,15230,15290,15290,1684
2018-08-21,15230,15280,15170,15220,15220,429
2018-08-22,15230,15330,15220,15310,15310,1750
2018-08-23,15330,15350,15280,15310,15310,357
2018-08-24,15380,15390,15340,15390,15390,843
2018-08-27,15460,15590,15460,15550,15550,2729
2018-08-28,15670,15700,15600,15610,15610,2843
2018-08-29,15610,15710,15610,15690,15690,1916
2018-08-30,15740,15750,15630,15650,15650,1072
2018-08-31,15550,15650,15530,15620,15620,583
2018-09-03,15580,15580,15460,15500,15500,686
2018-09-04,15500,15520,15420,15480,15480,1603
2018-09-05,15450,15450,15330,15360,15360,1688
2018-09-06,15280,15290,15220,15240,15240,734
2018-09-07,15160,15180,15080,15180,15180,8026
2018-09-10,15130,15240,15120,15210,15210,431
2018-09-11,15230,15310,15230,15300,15300,842
2018-09-12,15320,15320,15190,15250,15250,480
2018-09-13,15300,15470,15280,15410,15410,1339
2018-09-14,15520,15590,15520,15580,15580,3134
2018-09-18,15570,15900,15560,15860,15860,5013
2018-09-19,16080,16170,16050,16100,16100,16763
2018-09-20,16170,16180,16080,16120,16120,7998
2018-09-21,16250,16300,16200,16260,16260,21383
2018-09-25,16280,16420,16260,16410,16410,3930
2018-09-26,16440,16550,16430,16550,16550,31060
2018-09-27,16520,16570,16360,16360,16360,2441
2018-09-28,16530,16610,16460,16500,16500,1644
2018-10-01,16490,16570,16460,16540,16540,3494
2018-10-02,16640,16720,16560,16580,16580,2409
2018-10-03,16580,16580,16410,16430,16430,1822
2018-10-04,16540,16550,16350,16360,16360,4125
2018-10-05,16270,16370,16260,16310,16310,3830
2018-10-09,16180,16190,16010,16050,16050,5989
2018-10-10,16110,16140,15970,16060,16060,908
2018-10-11,15490,15650,15420,15650,15650,7469
2018-10-12,15400,15500,15340,15500,15500,8459
2018-10-15,15370,15390,15240,15260,15260,8340
2018-10-16,15250,15370,15230,15360,15360,1418
2018-10-17,15590,15630,15520,15600,15600,1398
2018-10-18,15630,15630,15480,15490,15490,1647
2018-10-19,15300,15420,15250,15420,15420,2842
2018-10-22,15300,15470,15230,15450,15450,1592
2018-10-23,15310,15310,15010,15030,15030,17405
2018-10-24,15140,15140,14900,15010,15010,6745
2018-10-25,14620,14700,14540,14570,14570,12684
2018-10-26,14730,14730,14390,14540,14540,9690
2018-10-29,14610,14670,14470,14480,14480,3078
2018-10-30,14440,14730,14430,14670,14670,1907
2018-10-31,14800,14970,14730,14960,14960,4472
2018-11-01,14930,14930,14790,14830,14830,1501
2018-11-02,14900,15130,14820,15080,15080,5059
2018-11-05,14980,15000,14900,14930,14930,2752
2018-11-06,14960,15120,14960,15120,15120,1184
2018-11-07,15120,15260,14970,15030,15030,6291
2018-11-08,15280,15340,15270,15280,15280,1447
2018-11-09,15280,15320,15190,15200,15200,735
2018-11-12,15110,15240,15080,15190,15190,1393
2018-11-13,14880,14920,14730,14910,14910,6864
2018-11-14,14930,15000,14890,14910,14910,607
2018-11-15,14840,14900,14800,14900,14900,227
2018-11-16,14920,14950,14800,14820,14820,646
2018-11-19,14810,14910,14810,14910,14910,987
2018-11-20,14740,14810,14710,14790,14790,2133
2018-11-21,14530,14700,14520,14700,14700,2176
2018-11-22,14720,14820,14680,14790,14790,799
2018-11-26,14800,14860,14730,14830,14830,800
2018-11-27,14960,14960,14860,14930,14930,951
2018-11-28,14990,15020,14910,15000,15000,760
2018-11-29,15140,15180,15060,15060,15060,958
2018-11-30,15060,15160,15060,15130,15130,1108
2018-12-03,15330,15390,15270,15330,15330,2732
2018-12-04,15300,15300,14970,14980,14980,9166
2018-12-05,14740,14920,14710,14900,14900,3577
2018-12-06,14800,14800,14510,14630,14630,21221
2018-12-07,14720,14750,14610,14720,14720,1810
2018-12-10,14470,14490,14400,14450,14450,9256
2018-12-11,14480,14600,14300,14320,14320,1642
2018-12-12,14600,14630,14440,14620,14620,486
2018-12-13,14690,14750,14640,14720,14720,441
2018-12-14,14610,14690,14470,14500,14500,963
2018-12-17,14510,14580,14490,14530,14530,1035
2018-12-18,14330,14390,14260,14260,14260,3225
2018-12-19,14250,14250,14100,14190,14190,2682
2018-12-20,14090,14150,13780,13850,13850,3222
2018-12-21,13750,13770,13520,13610,13610,5760
2018-12-25,13080,13110,12920,12920,12920,31199
2018-12-26,13030,13210,12880,13080,13080,2545
2018-12-27,13610,13770,13510,13690,13690,6805
2018-12-28,13640,13710,13550,13640,13640,4496
2019-01-04,13340,13420,13190,13420,13420,1228
2019-01-07,13830,13880,13770,13800,13800,1822
2019-01-08,13860,13940,13800,13860,13860,1758
2019-01-09,13960,14030,13960,13990,13990,1065
2019-01-10,13910,13920,13800,13860,13860,5395
2019-01-11,13860,13860,13770,13790,13790,1951
2019-01-15,13730,13940,13700,13920,13920,1413
2019-01-16,13940,13940,13820,13870,13870,517
2019-01-17,13940,13990,13900,13910,13910,407
2019-01-18,13960,14120,13950,14080,14080,671
2019-01-21,14200,14210,14130,14150,14150,582
2019-01-22,14180,14180,14020,14040,14040,530
2019-01-23,13960,14050,13950,13990,13990,5051
2019-01-24,13910,14030,13880,14030,14030,1370
2019-01-25,14050,14180,14050,14150,14150,829
2019-01-28,14120,14140,14050,14060,14060,1014
2019-01-29,14000,14080,13920,14060,14060,3890
2019-01-30,14080,14080,14000,14030,14030,222
2019-01-31,14230,14240,14110,14160,14160,588
2019-02-01,14190,14260,14130,14150,14150,1685
2019-02-04,14220,14310,14220,14280,14280,1181
2019-02-05,14360,14380,14280,14290,14290,179
2019-02-06,14360,14390,14290,14300,14300,436
2019-02-07,14270,14270,14140,14190,14190,845
2019-02-08,14000,14040,13890,13930,13930,796
2019-02-12,13990,14250,13980,14200,14200,499
2019-02-13,14310,14390,14270,14370,14370,728
2019-02-14,14370,14430,14350,14370,14370,762
2019-02-15,14260,14270,14190,14250,14250,5870
2019-02-18,14480,14490,14420,14460,14460,1863
2019-02-19,14460,14520,14450,14510,14510,1086
2019-02-20,14550,14620,14510,14600,14600,460
2019-02-21,14570,14640,14510,14580,14580,1112
2019-02-22,14530,14560,14490,14560,14560,2281
2019-02-25,14630,14680,14630,14640,14640,1300
2019-02-26,14680,14690,14580,14620,14620,1869
2019-02-27,14650,14680,14650,14650,14650,19173
2019-02-28,14650,14650,14520,14520,14520,478
2019-03-01,14560,14630,14560,14630,14630,1426
2019-03-04,14720,14740,14690,14710,14710,13275
2019-03-05,14650,14660,14600,14660,14660,536
2019-03-06,14640,14640,14590,14630,14630,3842
2019-03-07,14510,14530,14460,14500,14500,457
2019-03-08,14390,14430,14220,14250,14250,766
2019-03-11,14260,14340,14230,14330,14330,247
2019-03-12,14470,14600,14460,14550,14550,1208
2019-03-13,14500,14510,14360,14420,14420,379
2019-03-14,14510,14540,14400,14400,14400,208
2019-03-15,14440,14570,14440,14520,14520,10301
2019-03-18,14580,14610,14540,14600,14600,1484
2019-03-19,14620,14620,14520,14610,14610,1131
2019-03-20,14580,14640,14560,14640,14640,167
2019-03-22,14640,14640,14580,14640,14640,122
2019-03-25,14400,14400,14210,14280,14280,3950
2019-03-26,14420,14640,14420,14620,14620,56235
2019-03-27,14660,14740,14600,14690,14690,1227
2019-03-28,14590,14590,14430,14500,14500,3754
2019-03-29,14620,14650,14550,14570,14570,2620
2019-04-01,14790,14870,14770,14790,14790,4250
2019-04-02,14930,14940,14740,14740,14740,1264
2019-04-03,14770,14840,14710,14820,14820,1044
2019-04-04,14840,14870,14800,14810,14810,938
2019-04-05,14830,14890,14830,14870,14870,2904
2019-04-08,14900,14900,14790,14810,14810,5867
2019-04-09,14790,14810,14740,14810,14810,12197
2019-04-10,14670,14710,14630,14700,14700,3079
2019-04-11,14670,14720,14640,14710,14710,4280
2019-04-12,14750,14750,14630,14680,14680,425
2019-04-15,14850,14910,14840,14870,14870,7996
2019-04-16,14840,14910,14830,14860,14860,628
2019-04-17,14870,14920,14830,14880,14880,3233
2019-04-18,14880,14900,14740,14740,14740,3663
2019-04-19,14830,14850,14760,14760,14760,219
2019-04-22,14750,14810,14700,14810,14810,2681
2019-04-23,14820,14850,14780,14820,14820,121
2019-04-24,14880,14880,14720,14740,14740,606
2019-04-25,14740,14820,14740,14800,14800,7836
2019-04-26,14740,14810,14670,14790,14790,1063
2019-05-07,14750,14760,14580,14630,14630,5814
2019-05-08,14470,14470,14320,14390,14390,4361
2019-05-09,14300,14310,14170,14200,14200,3644
2019-05-10,14200,14320,14100,14200,14200,728
2019-05-13,14130,14180,14080,14120,14120,1604
2019-05-14,13830,14070,13810,14070,14070,902
2019-05-15,14120,14140,14000,14140,14140,1193
2019-05-16,14160,14160,14010,14080,14080,612
2019-05-17,14210,14320,14170,14270,14270,536
2019-05-20,14280,14340,14230,14240,14240,2595
2019-05-21,14200,14250,14140,14210,14210,305
2019-05-22,14290,14290,14160,14160,14160,807
2019-05-23,14130,14140,14080,14140,14140,4324
2019-05-24,14050,14130,13980,14120,14120,3427
2019-05-27,14100,14200,14100,14190,14190,245
2019-05-28,14190,14240,14180,14180,14180,227
2019-05-29,14090,14100,13960,14090,14090,620
2019-05-30,14000,14060,13930,14060,14060,1605
2019-05-31,13960,13960,13850,13850,13850,7408
2019-06-03,13640,13760,13640,13730,13730,1499
2019-06-04,13780,13790,13660,13740,13740,247
2019-06-05,13970,14010,13910,14000,14000,1043
2019-06-06,13970,14030,13960,13960,13960,773
2019-06-07,14000,14030,13970,14020,14020,666
2019-06-10,14150,14250,14130,14240,14240,1531
2019-06-11,14240,14310,14180,14290,14290,2160
2019-06-12,14250,14310,14210,14210,14210,7735
2019-06-13,14170,14170,14030,14120,14120,562
2019-06-14,14150,14170,14050,14170,14170,1097
2019-06-17,14050,14160,14050,14110,14110,496
2019-06-18,14100,14150,13980,14000,14000,2025
2019-06-19,14170,14260,14170,14250,14250,1006
2019-06-20,14300,14320,14270,14300,14300,569
2019-06-21,14270,14290,14150,14170,14170,2904
2019-06-24,14090,14210,14090,14180,14180,534
2019-06-25,14170,14240,14120,14140,14140,404
2019-06-26,14110,14130,14080,14090,14090,177
2019-06-27,14140,14250,14120,14240,14240,941
2019-06-28,14220,14270,14190,14220,14220,618
2019-07-01,14460,14550,14400,14550,14550,2824
2019-07-02,14550,14580,14540,14560,14560,983
2019-07-03,14500,14500,14420,14460,14460,5638
2019-07-04,14530,14560,14530,14550,14550,1053
2019-07-05,14560,14600,14560,14580,14580,1086
2019-07-08,14560,14560,14460,14520,14520,3549
2019-07-09,14480,14550,14420,14420,14420,2847
2019-07-10,14380,14440,14350,14430,14430,3371
2019-07-11,14280,14330,14250,14270,14270,1944
2019-07-12,14300,14330,14270,14280,14280,304
2019-07-16,14260,14270,14180,14230,14230,404
2019-07-17,14150,14240,14140,14210,14210,1140
2019-07-18,14140,14140,13880,13900,13900,2202
2019-07-19,13980,14190,13950,14170,14170,914
2019-07-22,14150,14160,14080,14100,14100,544
2019-07-23,14100,14250,14080,14210,14210,4681
2019-07-24,14290,14290,14230,14250,14250,698
2019-07-25,14300,14310,14280,14280,14280,423
2019-07-26,14240,14250,14180,14230,14230,290
2019-07-29,14220,14220,14150,14180,14180,5220
2019-07-30,14220,14290,14220,14260,14260,471
2019-07-31,14170,14230,14130,14170,14170,5395
2019-08-01,14120,14220,14060,14200,14200,818
2019-08-02,13980,14080,13890,13920,13920,5509
2019-08-05,13850,13850,13530,13660,13660,3035
2019-08-06,13250,13650,13240,13650,13650,11237
2019-08-07,13580,13650,13530,13620,13620,1377
2019-08-08,13620,13660,13540,13610,13610,731
2019-08-09,13710,13720,13670,13670,13670,248
2019-08-13,13580,13580,13460,13500,13500,983
2019-08-14,13640,13650,13570,13600,13600,1251
2019-08-15,13410,13490,13330,13470,13470,3444
2019-08-16,13460,13520,13430,13490,13490,560
2019-08-19,13600,13610,13530,13560,13560,430
2019-08-20,13590,13670,13590,13670,13670,1954
2019-08-21,13580,13610,13530,13580,13580,244
2019-08-22,13650,13650,13570,13610,13610,191
2019-08-23,13640,13670,13630,13650,13650,185
2019-08-26,13350,13470,13310,13430,13430,633
2019-08-27,13560,13590,13530,13530,13530,783
2019-08-28,13530,13580,13530,13570,13570,85
2019-08-29,13600,13600,13490,13550,13550,252
2019-08-30,13680,13750,13660,13740,13740,447
2019-09-02,13690,13740,13680,13710,13710,3645
2019-09-03,13680,13760,13680,13730,13730,510
2019-09-04,13700,13750,13670,13730,13730,196
2019-09-05,13810,14010,13810,13960,13960,802
2019-09-06,14050,14050,13990,14020,14020,1327
2019-09-09,14050,14130,14040,14120,14120,1685
2019-09-10,14180,14230,14160,14170,14170,1126
2019-09-11,14220,14400,14220,14390,14390,1193
2019-09-12,14500,14570,14480,14530,14530,3273
2019-09-13,14590,14660,14500,14650,14650,1808
2019-09-17,14620,14740,14610,14670,14670,1002
2019-09-18,14690,14690,14610,14650,14650,1814
2019-09-19,14700,14820,14700,14700,14700,15042
2019-09-20,14790,14790,14680,14680,14680,676
2019-09-24,14710,14830,14710,14790,14790,16273
2019-09-25,14740,14770,14680,14750,14750,4790
2019-09-26,14870,14900,14720,14730,14730,2082
2019-09-27,14850,14850,14640,14720,14720,451
2019-09-30,14640,14680,14580,14590,14590,378
2019-10-01,14640,14780,14640,14740,14740,1575
2019-10-02,14630,14680,14610,14680,14680,3726
2019-10-03,14420,14470,14350,14450,14450,16566
2019-10-04,14390,14470,14370,14470,14470,702
2019-10-07,14470,14520,14450,14450,14450,863
2019-10-08,14530,14610,14530,14580,14580,429
2019-10-09,14510,14540,14450,14530,14530,1473
2019-10-10,14500,14560,14400,14540,14540,1158
2019-10-11,14680,14690,14610,14660,14660,2308
2019-10-15,14850,14920,14840,14890,14890,17826
2019-10-16,15040,15130,14970,14990,14990,7512
2019-10-17,14950,15000,14920,14920,14920,3645
2019-10-18,14990,15000,14910,14920,14920,327
2019-10-21,14950,15000,14950,14970,14970,1860
2019-10-23,15030,15080,14910,15060,15060,674
2019-10-24,15150,15170,15120,15130,15130,1060
2019-10-25,15150,15170,15120,15170,15170,416
2019-10-28,15180,15190,15160,15180,15180,5514
2019-10-29,15230,15300,15230,15290,15290,2862
2019-10-30,15300,15330,15300,15320,15320,4473
2019-10-31,15330,15360,15280,15330,15330,644
2019-11-01,15250,15340,15230,15330,15330,269
2019-11-05,15510,15620,15480,15600,15600,3208
2019-11-06,15630,15640,15520,15570,15570,661
2019-11-07,15560,15630,15560,15620,15620,405
2019-11-08,15780,15780,15600,15640,15640,2260
2019-11-11,15670,15710,15640,15670,15670,1090
2019-11-12,15620,15710,15620,15700,15700,376
2019-11-13,15660,15670,15610,15630,15630,557
2019-11-14,15590,15600,15430,15480,15480,683
2019-11-15,15480,15600,15470,15580,15580,977
2019-11-18,15570,15600,15550,15590,15590,133
2019-11-19,15560,15600,15540,15570,15570,943
2019-11-20,15520,15580,15460,15530,15530,1658
2019-11-21,15490,15520,15320,15490,15490,1965
2019-11-22,15510,15610,15510,15520,15520,824
2019-11-25,15630,15670,15630,15630,15630,713
2019-11-26,15740,15800,15680,15700,15700,2539
2019-11-27,15720,15760,15720,15740,15740,920
2019-11-28,15720,15740,15670,15720,15720,2583
2019-11-29,15720,15750,15610,15620,15620,651
2019-12-02,15650,15780,15650,15770,15770,1372
2019-12-03,15600,15690,15570,15690,15690,1040
2019-12-04,15620,15650,15550,15630,15630,821
2019-12-05,15710,15740,15680,15700,15700,469
2019-12-06,15730,15760,15690,15720,15720,514
2019-12-09,15840,15860,15740,15790,15790,1320
2019-12-10,15790,15840,15790,15820,15820,421
2019-12-11,15810,15820,15750,15770,15770,261
2019-12-12,15800,15800,15700,15740,15740,588
2019-12-13,15810,16020,15710,15970,15970,9657
2019-12-16,15970,16000,15950,15960,15960,1569
2019-12-17,16040,16050,15970,16040,16040,689
2019-12-18,16060,16060,15960,15990,15990,486
2019-12-19,15990,15990,15910,15950,15950,1885
2019-12-20,15960,15960,15850,15930,15930,2729
2019-12-23,15950,15950,15880,15890,15890,443
2019-12-24,15910,15920,15870,15880,15880,450
2019-12-25,15890,15890,15820,15830,15830,1885
2019-12-26,15820,15900,15820,15900,15900,1948
2019-12-27,15970,15990,15940,15960,15960,373
2019-12-30,15860,15890,15820,15860,15860,1800
2020-01-06,15590,15660,15570,15620,15620,724
2020-01-07,15700,15890,15700,15890,15890,1245
2020-01-08,15660,15710,15500,15680,15680,1599
2020-01-09,15840,15940,15840,15940,15940,1452
2020-01-10,15970,16010,15950,15990,15990,1515
2020-01-14,16050,16050,16000,16050,16050,9067
2020-01-15,15850,15870,15770,15800,15800,944
2020-01-16,15830,15830,15760,15770,15770,4473
2020-01-17,15830,15860,15820,15840,15840,306
2020-01-20,15880,15930,15880,15910,15910,4442
2020-01-21,15930,15930,15810,15830,15830,1306
2020-01-22,15800,15910,15800,15890,15890,704
2020-01-23,15830,15850,15780,15800,15800,330
2020-01-24,15820,15820,15760,15810,15810,250
2020-01-27,15550,15610,15490,15560,15560,2492
2020-01-28,15430,15470,15400,15470,15470,781
2020-01-29,15470,15530,15440,15530,15530,438
2020-01-30,15490,15490,15230,15320,15320,812
2020-01-31,15370,15510,15360,15360,15360,2406
2020-02-03,15130,15320,15120,15300,15300,2966
2020-02-04,15240,15410,15240,15400,15400,232
2020-02-05,15560,15590,15510,15560,15560,516
2020-02-06,15750,15930,15750,15860,15860,2074
2020-02-07,15910,15910,15800,15820,15820,379
2020-02-10,15710,15770,15700,15740,15740,281
2020-02-12,15730,15750,15650,15720,15720,498
2020-02-13,15690,15690,15630,15660,15660,478
2020-02-14,15610,15610,15530,15560,15560,287
2020-02-17,15440,15470,15350,15460,15460,825
2020-02-18,15340,15370,15220,15260,15260,805
2020-02-19,15300,15360,15280,15300,15300,239
2020-02-20,15420,15500,15320,15320,15320,522
2020-02-21,15320,15410,15310,15330,15330,60
2020-02-25,14930,15000,14580,14850,14850,8599
2020-02-26,14680,14730,14530,14730,14730,931
2020-02-27,14600,14620,14320,14350,14350,4363
2020-02-28,13970,14040,13770,13870,13870,5320
2020-03-02,13630,14130,13620,14010,14010,4581
2020-03-03,14200,14260,13830,13840,13840,1234
2020-03-04,13670,13860,13630,13770,13770,1949
2020-03-05,14010,14010,13850,13890,13890,1375
2020-03-06,13690,13710,13460,13530,13530,2178
2020-03-09,13110,13110,12710,12770,12770,6630
2020-03-10,12580,13040,12260,12930,12930,2002
2020-03-11,12840,13030,12700,12750,12750,3355
2020-03-12,12460,12800,12090,12310,12310,1956
2020-03-13,11780,12030,11200,12030,12030,4189
2020-03-16,11730,11810,11350,11760,11760,10968
2020-03-17,11110,12010,11080,12010,12010,1109
2020-03-18,12000,12900,11800,12340,12340,2486
2020-03-19,12060,12720,11880,11900,11900,1932
2020-03-23,12100,12190,11730,12050,12050,400
2020-03-24,12180,12340,12010,12190,12190,520
2020-03-25,12880,13060,12660,13060,13060,1024
2020-03-26,13090,13090,12670,12940,12940,1221
2020-03-27,13240,13260,12950,13260,13260,2901
2020-03-30,13200,13330,12910,13330,13330,1269
2020-03-31,13300,13320,12950,13100,13100,773
2020-04-01,12910,12910,12430,12520,12520,1360
2020-04-02,12500,12500,12310,12310,12310,1097
2020-04-03,12450,12550,12250,12320,12320,334
2020-04-06,12320,12820,12280,12820,12820,749
2020-04-07,13020,13150,12780,13010,13010,755
2020-04-08,13040,13260,12930,13210,13210,218
2020-04-09,13280,13280,13010,13130,13130,171
2020-04-10,13140,13250,13000,13200,13200,563
2020-04-13,13120,13200,13020,13020,13020,170
2020-04-14,13130,13280,13080,13230,13230,489
2020-04-15,13250,13350,13180,13320,13320,626
2020-04-16,13240,13250,13130,13210,13210,322
2020-04-17,13340,13470,13260,13330,13330,5753
2020-04-20,13230,13330,13230,13250,13250,529
2020-04-21,13180,13270,13090,13200,13200,2442
2020-04-22,13000,13120,12910,13120,13120,2151
2020-04-23,13140,13200,13110,13150,13150,396
2020-04-24,13150,13170,13080,13170,13170,581
2020-04-27,13220,13420,13220,13390,13390,1228
2020-04-28,13470,13470,13300,13460,13460,606
2020-04-30,13680,13690,13550,13550,13550,337
2020-05-01,13500,13500,13230,13300,13300,413
2020-05-07,13080,13210,13080,13160,13160,346
2020-05-08,13330,13500,13330,13420,13420,215
2020-05-11,13570,13720,13570,13650,13650,553
2020-05-12,13660,13690,13650,13680,13680,32
2020-05-13,13530,13660,13520,13660,13660,118
2020-05-14,13540,13590,13410,13410,13410,603
2020-05-15,13490,13500,13380,13450,13450,132
2020-05-18,13540,13550,13470,13550,13550,758
2020-05-19,13790,13810,13730,13740,13740,443
2020-05-20,13740,13900,13740,13850,13850,253
2020-05-21,13910,13910,13810,13870,13870,295
2020-05-22,13870,13870,13700,13700,13700,3818
